{
  "model": "kmeans",
  "acc_final": 0.9433147987450098,
  "avg_forgetting": 0.0049309664694279776,
  "backward_transfer": -0.003956307600032294,
  "auroc_final": 0.9621469241365714,
  "ram_peak_bytes": 5312,
  "inference_latency_ms": 0.5336852199798159,
  "n_params": 8,
  "aa": 0.9433147987450098,
  "af": 0.0049309664694279776,
  "bwt": -0.003956307600032294,
  "fwt": 0.0,
  "forgetting_per_task": [
    0.009861932938855955,
    0.0
  ],
  "bwt_per_task": [
    -0.009861932938855955,
    0.0019493177387913674
  ],
  "acc_matrix": [
    [
      0.9506903353057199,
      null,
      null
    ],
    [
      0.9388560157790927,
      0.9454191033138402,
      null
    ],
    [
      0.9408284023668639,
      0.9473684210526315,
      0.941747572815534
    ]
  ],
  "n_tasks": 3,
  "auroc_avg": 0.9621469241365714,
  "auroc_per_task": [
    0.9653829321663019,
    0.9385950275321209,
    0.9824628127112913
  ],
  "memory": {
    "inference_latency_ms": 0.5336852199798159,
    "inference_latency_std_ms": 0.307089071349164,
    "ram_peak_bytes": 5312,
    "n_params": 8,
    "ram_fp32_bytes": 32,
    "ram_int8_bytes": 8,
    "within_budget_64ko": true
  }
}