{
  "model": "mahalanobis",
  "dataset": "cwru",
  "scenario": "by_fault_type",
  "global": {
    "permutation_importance": {
      "skewness": -0.05281385281385281,
      "crest": -0.18181818181818182,
      "mean": -0.2108225108225108,
      "kurtosis": -0.22683982683982684,
      "form": -0.27359307359307367,
      "min": -0.4835497835497835,
      "max": -0.49437229437229446,
      "rms": -0.7285714285714285,
      "sd": -0.7367965367965369
    }
  },
  "per_task": {
    "ball": {
      "permutation_importance": {
        "skewness": 0.006493506493506496,
        "form": -0.0038961038961038974,
        "crest": -0.041558441558441545,
        "min": -0.04935064935064934,
        "max": -0.07012987012987013,
        "kurtosis": -0.07792207792207792,
        "mean": -0.08701298701298701,
        "sd": -0.7792207792207793,
        "rms": -0.7792207792207793
      }
    },
    "inner_race": {
      "permutation_importance": {
        "skewness": -0.02597402597402597,
        "crest": -0.08181818181818183,
        "kurtosis": -0.11168831168831168,
        "form": -0.3467532467532467,
        "mean": -0.3935064935064935,
        "min": -0.4675324675324675,
        "max": -0.47922077922077916,
        "rms": -0.7727272727272726,
        "sd": -0.7753246753246752
      }
    },
    "outer_race": {
      "permutation_importance": {
        "mean": -0.08441558441558444,
        "skewness": -0.11688311688311692,
        "crest": -0.3181818181818183,
        "form": -0.3376623376623377,
        "kurtosis": -0.3454545454545455,
        "min": -0.4558441558441559,
        "max": -0.4649350649350649,
        "rms": -0.6272727272727272,
        "sd": -0.6298701298701299
      }
    }
  }
}