{
  "exp_id": "exp_030_ewc_monitoring_single_task",
  "accuracy": 0.09185667752442997,
  "f1": 0.14583333333333334,
  "auc_roc": 0.3140943787066201,
  "ram_peak_bytes": 1171,
  "inference_latency_ms": 0.04816255001060199,
  "n_params": 705
}