{
  "exp_id": "exp_108",
  "model": "ewc",
  "dataset": "pronostia",
  "scenario": "by_condition",
  "acc_final": 0.9819339347521753,
  "avg_forgetting": 0.0,
  "backward_transfer": 0.004863348848311244,
  "per_task_acc": [
    0.9877551020408163,
    0.9766081871345029,
    0.9814385150812065
  ],
  "ram_peak_bytes": 1171,
  "inference_latency_ms": 0.020211319997542887,
  "n_params": 993,
  "acc_matrix": [
    [
      0.9809523809523809,
      NaN,
      NaN
    ],
    [
      0.9836734693877551,
      0.9736842105263158,
      NaN
    ],
    [
      0.9877551020408163,
      0.9766081871345029,
      0.9814385150812065
    ]
  ]
}