{
  "exp_id": "exp_024_tinyol_pump_temporal",
  "model": "tinyol",
  "dataset": "pump_maintenance",
  "timestamp": "2026-04-14T21:55:29.504617",
  "seed": 42,
  "acc_final": 0.5693548387096774,
  "avg_forgetting": 0.008602150537634393,
  "backward_transfer": -0.008602150537634393,
  "acc_matrix": [
    [
      0.603225806451613
    ],
    [
      0.567741935483871,
      0.5612903225806452
    ],
    [
      0.603225806451613,
      0.535483870967742,
      0.5419354838709678
    ],
    [
      0.603225806451613,
      0.535483870967742,
      0.5419354838709678,
      0.5967741935483871
    ]
  ],
  "ram_peak_bytes": 5867,
  "inference_latency_ms": 0.011929159991268534,
  "n_params_oto": 10,
  "n_params_encoder": 1496
}