{
  "dbscan": {
    "model": "dbscan",
    "acc_final": 0.9516784546066083,
    "avg_forgetting": 0.003218296074409488,
    "backward_transfer": -0.002411844461506274,
    "auroc_final": 0.9808134390326329,
    "ram_peak_bytes": 41500,
    "inference_latency_ms": 0.2276399299876175,
    "n_params": 2476,
    "aa": 0.9516784546066083,
    "af": 0.003218296074409488,
    "bwt": -0.002411844461506274,
    "fwt": 0.0,
    "forgetting_per_task": [
      0.006389776357827559,
      0.003215434083601254,
      0.0,
      0.0032679738562091387
    ],
    "bwt_per_task": [
      -0.006389776357827559,
      -0.003215434083601254,
      0.003225806451612856,
      -0.0032679738562091387
    ],
    "acc_matrix": [
      [
        0.9680511182108626,
        null,
        null,
        null,
        null
      ],
      [
        0.9648562300319489,
        0.9581993569131833,
        null,
        null,
        null
      ],
      [
        0.9648562300319489,
        0.954983922829582,
        0.9516129032258065,
        null,
        null
      ],
      [
        0.9648562300319489,
        0.9581993569131833,
        0.9548387096774194,
        0.9575163398692811,
        null
      ],
      [
        0.9616613418530351,
        0.954983922829582,
        0.9548387096774194,
        0.954248366013072,
        0.9326599326599326
      ]
    ],
    "n_tasks": 5,
    "auroc_avg": 0.9808134390326329,
    "auroc_per_task": [
      0.9723057644110276,
      0.992383512544803,
      0.9921378194010868,
      0.9661396738453878,
      0.9811004249608588
    ],
    "memory": {
      "inference_latency_ms": 0.2276399299876175,
      "inference_latency_std_ms": 0.018492239813685855,
      "ram_peak_bytes": 41500,
      "n_params": 2476,
      "ram_fp32_bytes": 9904,
      "ram_int8_bytes": 2476,
      "within_budget_64ko": true
    }
  }
}