{
  "exp_id": "exp_036_ewc_pump_single_task",
  "accuracy": 0.570281124497992,
  "f1": 0.7263427109974424,
  "auc_roc": 0.5249440568645518,
  "ram_peak_bytes": 1171,
  "inference_latency_ms": 0.1881389499976649,
  "n_params": 1377
}