{
  "kmeans": {
    "inference_latency_ms": 0.3076488899978358,
    "inference_latency_std_ms": 0.035772634424061506,
    "ram_peak_bytes": 5410,
    "n_params": 12,
    "ram_fp32_bytes": 48,
    "ram_int8_bytes": 12,
    "within_budget_64ko": true
  }
}