{
  "model": "kmeans",
  "acc_final": 0.949724244419244,
  "avg_forgetting": 0.01130125310590302,
  "backward_transfer": -0.008083176222464933,
  "auroc_final": 0.9743661598915004,
  "ram_peak_bytes": 5410,
  "inference_latency_ms": 0.3076488899978358,
  "n_params": 12,
  "aa": 0.949724244419244,
  "af": 0.01130125310590302,
  "bwt": -0.008083176222464933,
  "fwt": 0.0,
  "forgetting_per_task": [
    0.0031948881789136685,
    0.01607717041800638,
    0.016129032258064502,
    0.009803921568627527
  ],
  "bwt_per_task": [
    0.0,
    -0.01607717041800638,
    -0.006451612903225823,
    -0.009803921568627527
  ],
  "acc_matrix": [
    [
      0.9680511182108626,
      null,
      null,
      null,
      null
    ],
    [
      0.9712460063897763,
      0.9678456591639871,
      null,
      null,
      null
    ],
    [
      0.9680511182108626,
      0.9678456591639871,
      0.9516129032258065,
      null,
      null
    ],
    [
      0.9680511182108626,
      0.9614147909967846,
      0.9612903225806452,
      0.9607843137254902,
      null
    ],
    [
      0.9680511182108626,
      0.9517684887459807,
      0.9451612903225807,
      0.9509803921568627,
      0.9326599326599326
    ]
  ],
  "n_tasks": 5,
  "auroc_avg": 0.9743661598915004,
  "auroc_per_task": [
    0.9479949874686716,
    0.9931675627240144,
    0.9904035148572089,
    0.9569276733474418,
    0.9833370610601655
  ],
  "memory": {
    "inference_latency_ms": 0.3076488899978358,
    "inference_latency_std_ms": 0.035772634424061506,
    "ram_peak_bytes": 5410,
    "n_params": 12,
    "ram_fp32_bytes": 48,
    "ram_int8_bytes": 12,
    "within_budget_64ko": true
  }
}