{
  "kmeans": {
    "model": "kmeans",
    "acc_final": 0.949724244419244,
    "avg_forgetting": 0.01130125310590302,
    "backward_transfer": -0.008083176222464933,
    "auroc_final": 0.9743661598915004,
    "ram_peak_bytes": 5410,
    "inference_latency_ms": 0.3076488899978358,
    "n_params": 12,
    "aa": 0.949724244419244,
    "af": 0.01130125310590302,
    "bwt": -0.008083176222464933,
    "fwt": 0.0,
    "forgetting_per_task": [
      0.0031948881789136685,
      0.01607717041800638,
      0.016129032258064502,
      0.009803921568627527
    ],
    "bwt_per_task": [
      0.0,
      -0.01607717041800638,
      -0.006451612903225823,
      -0.009803921568627527
    ],
    "acc_matrix": [
      [
        0.9680511182108626,
        null,
        null,
        null,
        null
      ],
      [
        0.9712460063897763,
        0.9678456591639871,
        null,
        null,
        null
      ],
      [
        0.9680511182108626,
        0.9678456591639871,
        0.9516129032258065,
        null,
        null
      ],
      [
        0.9680511182108626,
        0.9614147909967846,
        0.9612903225806452,
        0.9607843137254902,
        null
      ],
      [
        0.9680511182108626,
        0.9517684887459807,
        0.9451612903225807,
        0.9509803921568627,
        0.9326599326599326
      ]
    ],
    "n_tasks": 5,
    "auroc_avg": 0.9743661598915004,
    "auroc_per_task": [
      0.9479949874686716,
      0.9931675627240144,
      0.9904035148572089,
      0.9569276733474418,
      0.9833370610601655
    ],
    "memory": {
      "inference_latency_ms": 0.3076488899978358,
      "inference_latency_std_ms": 0.035772634424061506,
      "ram_peak_bytes": 5410,
      "n_params": 12,
      "ram_fp32_bytes": 48,
      "ram_int8_bytes": 12,
      "within_budget_64ko": true
    }
  },
  "knn": {
    "model": "knn",
    "aa": 0.9524066875324033,
    "af": 0.027486533559408055,
    "bwt": -0.027486533559408055,
    "fwt": 0.0,
    "forgetting_per_task": [
      0.0335305719921104,
      0.021442495126705707
    ],
    "bwt_per_task": [
      -0.0335305719921104,
      -0.021442495126705707
    ],
    "acc_matrix": [
      [
        0.9763313609467456,
        null,
        null
      ],
      [
        0.9644970414201184,
        0.9844054580896686,
        null
      ],
      [
        0.9428007889546351,
        0.9629629629629629,
        0.9514563106796117
      ]
    ],
    "n_tasks": 3,
    "auroc_avg": 0.9727862141689895,
    "auroc_per_task": [
      0.9813566739606128,
      0.9473552477890873,
      0.9896467207572684
    ],
    "memory": {
      "inference_latency_ms": 15.754705270046543,
      "inference_latency_std_ms": 0.6549075906493166,
      "ram_peak_bytes": 113102,
      "n_params": 24548,
      "ram_fp32_bytes": 98192,
      "ram_int8_bytes": 24548,
      "within_budget_64ko": false
    }
  },
  "pca": {
    "model": "pca",
    "aa": 0.9504447528503187,
    "af": 0.0019723865877711577,
    "bwt": -0.000997727718375474,
    "fwt": 0.0,
    "forgetting_per_task": [
      0.0039447731755423154,
      0.0
    ],
    "bwt_per_task": [
      -0.0039447731755423154,
      0.0019493177387913674
    ],
    "acc_matrix": [
      [
        0.9467455621301775,
        null,
        null
      ],
      [
        0.9428007889546351,
        0.9454191033138402,
        null
      ],
      [
        0.9428007889546351,
        0.9473684210526315,
        0.9611650485436893
      ]
    ],
    "n_tasks": 3,
    "auroc_avg": 0.9078443335341712,
    "auroc_per_task": [
      0.9088840262582056,
      0.8738528282996829,
      0.9407961460446247
    ],
    "memory": {
      "inference_latency_ms": 0.11476807019789703,
      "inference_latency_std_ms": 0.014634559694684272,
      "ram_peak_bytes": 2148,
      "n_params": 12,
      "ram_fp32_bytes": 48,
      "ram_int8_bytes": 12,
      "within_budget_64ko": true
    }
  }
}