{
  "exp_id": "exp_102",
  "model": "kmeans",
  "dataset": "cwru",
  "scenario": "by_condition",
  "acc_final": 0.8724792775958975,
  "avg_forgetting": 0.059201575366988946,
  "backward_transfer": -0.059201575366988946,
  "per_task_acc": [
    0.8571428571428571,
    0.8391812865497076,
    0.9211136890951276
  ],
  "ram_peak_bytes": 5390,
  "inference_latency_ms": 0.1879639300159397,
  "n_params": 26,
  "acc_matrix": [
    [
      0.8965986394557823,
      NaN,
      NaN
    ],
    [
      0.8462585034013606,
      0.9181286549707602,
      NaN
    ],
    [
      0.8571428571428571,
      0.8391812865497076,
      0.9211136890951276
    ]
  ],
  "k_selected_per_task": [
    2,
    2,
    2
  ],
  "threshold_history": [
    5.181797027587891,
    4.684681487083434,
    4.333241989612579
  ],
  "ema_alpha": 0.3
}