{
  "exp_id": "exp_014_hdc_pump_by_id",
  "cl_metrics": {
    "aa": 0.5023531258657309,
    "af": 0.03471388555422167,
    "bwt": -0.00439598916489671,
    "fwt": 0.0,
    "forgetting_per_task": [
      0.04081632653061218,
      0.0,
      0.0,
      0.0980392156862745
    ],
    "bwt_per_task": [
      -0.04081632653061218,
      0.019230769230769218,
      0.10204081632653061,
      -0.0980392156862745
    ],
    "acc_matrix": [
      [
        0.5510204081632653,
        null,
        null,
        null,
        null
      ],
      [
        0.5306122448979592,
        0.46153846153846156,
        null,
        null,
        null
      ],
      [
        0.46938775510204084,
        0.46153846153846156,
        0.40816326530612246,
        null,
        null
      ],
      [
        0.4897959183673469,
        0.38461538461538464,
        0.4489795918367347,
        0.5686274509803921,
        null
      ],
      [
        0.5102040816326531,
        0.4807692307692308,
        0.5102040816326531,
        0.47058823529411764,
        0.54
      ]
    ],
    "n_tasks": 5,
    "ram_peak_bytes": 14504,
    "inference_latency_ms": 0.21828512999888972,
    "n_params": 2048,
    "estimated_ram_fp32_bytes": 14344,
    "estimated_ram_int8_bytes": 6152
  }
}