{
  "exp_id": "exp_044_ewc_pronostia_no_split",
  "accuracy": 0.9601593625498008,
  "f1": 0.7580645161290323,
  "auc_roc": 0.9019720925686079,
  "ram_peak_bytes": 1171,
  "inference_latency_ms": 0.047366689796035644,
  "n_params": 993,
  "threshold": 0.59
}