{
  "avg_auroc": 0.9876585457398727,
  "auroc_forgetting": -5.681758518760738e-05,
  "auroc_bwt": 5.681758518760738e-05,
  "forgetting_per_task": [
    0.00011288249800289751,
    -0.00022651766837811227
  ],
  "bwt_per_task": [
    -0.00011288249800289751,
    0.00022651766837811227
  ],
  "auroc_matrix": [
    [
      0.9883470528984752,
      null,
      null
    ],
    [
      0.9879823555972352,
      0.9799741602067183,
      null
    ],
    [
      0.9882341704004723,
      0.9802006778750965,
      0.9945407889440493
    ]
  ],
  "n_tasks": 3,
  "model": "mahalanobis",
  "exp_id": "exp_089",
  "scenario": "anomaly_detection"
}