{
  "exp_id": "exp_018_tinyol_monitoring_by_location",
  "model": "tinyol",
  "dataset": "equipment_monitoring",
  "timestamp": "2026-04-14T17:12:07.411170",
  "seed": 42,
  "acc_final": 0.9419327736187519,
  "avg_forgetting": 0.008505316891613462,
  "backward_transfer": 0.0013372386956275462,
  "acc_matrix": [
    [
      0.9408473221422862
    ],
    [
      0.9328537170263789,
      0.9219001610305958
    ],
    [
      0.9520383693045563,
      0.9412238325281803,
      0.9499192245557351
    ],
    [
      0.9536370903277378,
      0.9452495974235104,
      0.9531502423263328,
      0.9524590163934427
    ],
    [
      0.9440447641886491,
      0.9396135265700483,
      0.9491114701130856,
      0.9377049180327869,
      0.9391891891891891
    ]
  ],
  "ram_peak_bytes": 4532,
  "inference_latency_ms": 0.008747150002363924,
  "n_params_oto": 10,
  "n_params_encoder": 184
}