{
  "exp_id": "exp_051_hdc_pronostia_by_condition",
  "cl_metrics": {
    "aa": 0.805092556825718,
    "af": 0.04539324501730524,
    "bwt": -0.04539324501730524,
    "fwt": 0.0,
    "forgetting_per_task": [
      0.017687074829932037,
      0.07309941520467844
    ],
    "bwt_per_task": [
      -0.017687074829932037,
      -0.07309941520467844
    ],
    "acc_matrix": [
      [
        0.8802721088435375,
        null,
        null
      ],
      [
        0.8789115646258503,
        0.7046783625730995,
        null
      ],
      [
        0.8625850340136054,
        0.631578947368421,
        0.9211136890951276
      ]
    ],
    "n_tasks": 3,
    "ram_peak_bytes": 14504,
    "inference_latency_ms": 0.11922831992706051,
    "n_params": 2048,
    "estimated_ram_fp32_bytes": 14344,
    "estimated_ram_int8_bytes": 6152
  }
}