{
  "dbscan": {
    "inference_latency_ms": 0.4232003800041184,
    "inference_latency_std_ms": 0.031818573213606975,
    "ram_peak_bytes": 73638,
    "n_params": 5412,
    "ram_fp32_bytes": 21648,
    "ram_int8_bytes": 5412,
    "within_budget_64ko": true
  }
}