{
  "kmeans": {
    "model": "kmeans",
    "aa": 0.9433147987450098,
    "af": 0.0049309664694279776,
    "bwt": -0.003956307600032294,
    "fwt": 0.0,
    "forgetting_per_task": [
      0.009861932938855955,
      0.0
    ],
    "bwt_per_task": [
      -0.009861932938855955,
      0.0019493177387913674
    ],
    "acc_matrix": [
      [
        0.9506903353057199,
        null,
        null
      ],
      [
        0.9388560157790927,
        0.9454191033138402,
        null
      ],
      [
        0.9408284023668639,
        0.9473684210526315,
        0.941747572815534
      ]
    ],
    "n_tasks": 3,
    "auroc_avg": 0.9621469241365714,
    "auroc_per_task": [
      0.9653829321663019,
      0.9385950275321209,
      0.9824628127112913
    ],
    "memory": {
      "inference_latency_ms": 0.39869873984571313,
      "inference_latency_std_ms": 0.14056982170126164,
      "ram_peak_bytes": 5358,
      "n_params": 8,
      "ram_fp32_bytes": 32,
      "ram_int8_bytes": 8,
      "within_budget_64ko": true
    }
  },
  "knn": {
    "model": "knn",
    "aa": 0.9524066875324033,
    "af": 0.027486533559408055,
    "bwt": -0.027486533559408055,
    "fwt": 0.0,
    "forgetting_per_task": [
      0.0335305719921104,
      0.021442495126705707
    ],
    "bwt_per_task": [
      -0.0335305719921104,
      -0.021442495126705707
    ],
    "acc_matrix": [
      [
        0.9763313609467456,
        null,
        null
      ],
      [
        0.9644970414201184,
        0.9844054580896686,
        null
      ],
      [
        0.9428007889546351,
        0.9629629629629629,
        0.9514563106796117
      ]
    ],
    "n_tasks": 3,
    "auroc_avg": 0.9727862141689895,
    "auroc_per_task": [
      0.9813566739606128,
      0.9473552477890873,
      0.9896467207572684
    ],
    "memory": {
      "inference_latency_ms": 15.754705270046543,
      "inference_latency_std_ms": 0.6549075906493166,
      "ram_peak_bytes": 113102,
      "n_params": 24548,
      "ram_fp32_bytes": 98192,
      "ram_int8_bytes": 24548,
      "within_budget_64ko": false
    }
  },
  "pca": {
    "model": "pca",
    "aa": 0.9504447528503187,
    "af": 0.0019723865877711577,
    "bwt": -0.000997727718375474,
    "fwt": 0.0,
    "forgetting_per_task": [
      0.0039447731755423154,
      0.0
    ],
    "bwt_per_task": [
      -0.0039447731755423154,
      0.0019493177387913674
    ],
    "acc_matrix": [
      [
        0.9467455621301775,
        null,
        null
      ],
      [
        0.9428007889546351,
        0.9454191033138402,
        null
      ],
      [
        0.9428007889546351,
        0.9473684210526315,
        0.9611650485436893
      ]
    ],
    "n_tasks": 3,
    "auroc_avg": 0.9078443335341712,
    "auroc_per_task": [
      0.9088840262582056,
      0.8738528282996829,
      0.9407961460446247
    ],
    "memory": {
      "inference_latency_ms": 0.11476807019789703,
      "inference_latency_std_ms": 0.014634559694684272,
      "ram_peak_bytes": 2148,
      "n_params": 12,
      "ram_fp32_bytes": 48,
      "ram_int8_bytes": 12,
      "within_budget_64ko": true
    }
  },
  "dbscan": {
    "model": "dbscan",
    "acc_final": 0.95567885818007,
    "avg_forgetting": 0.0,
    "backward_transfer": 0.0009746588693956837,
    "auroc_final": 0.9786402191811768,
    "ram_peak_bytes": 73638,
    "inference_latency_ms": 0.4232003800041184,
    "n_params": 5412,
    "aa": 0.95567885818007,
    "af": 0.0,
    "bwt": 0.0009746588693956837,
    "fwt": 0.0,
    "forgetting_per_task": [
      0.0,
      0.0
    ],
    "bwt_per_task": [
      0.0,
      0.0019493177387913674
    ],
    "acc_matrix": [
      [
        0.9526627218934911,
        null,
        null
      ],
      [
        0.9506903353057199,
        0.949317738791423,
        null
      ],
      [
        0.9526627218934911,
        0.9512670565302144,
        0.9631067961165048
      ]
    ],
    "n_tasks": 3,
    "auroc_avg": 0.9786402191811768,
    "auroc_per_task": [
      0.9811816192560175,
      0.967712331052895,
      0.987026707234618
    ],
    "memory": {
      "inference_latency_ms": 0.4232003800041184,
      "inference_latency_std_ms": 0.031818573213606975,
      "ram_peak_bytes": 73638,
      "n_params": 5412,
      "ram_fp32_bytes": 21648,
      "ram_int8_bytes": 5412,
      "within_budget_64ko": true
    }
  }
}