{
  "cl_metrics": {
    "model": "pca",
    "aa": 0.9504447528503187,
    "af": 0.0019723865877711577,
    "bwt": -0.000997727718375474,
    "fwt": 0.0,
    "forgetting_per_task": [
      0.0039447731755423154,
      0.0
    ],
    "bwt_per_task": [
      -0.0039447731755423154,
      0.0019493177387913674
    ],
    "acc_matrix": [
      [
        0.9467455621301775,
        null,
        null
      ],
      [
        0.9428007889546351,
        0.9454191033138402,
        null
      ],
      [
        0.9428007889546351,
        0.9473684210526315,
        0.9611650485436893
      ]
    ],
    "n_tasks": 3,
    "auroc_avg": 0.9078443335341712,
    "auroc_per_task": [
      0.9088840262582056,
      0.8738528282996829,
      0.9407961460446247
    ],
    "memory": {
      "inference_latency_ms": 0.11476807019789703,
      "inference_latency_std_ms": 0.014634559694684272,
      "ram_peak_bytes": 2148,
      "n_params": 12,
      "ram_fp32_bytes": 48,
      "ram_int8_bytes": 12,
      "within_budget_64ko": true
    }
  }
}