{
  "kmeans": {
    "model": "kmeans",
    "acc_final": 0.4717741935483871,
    "avg_forgetting": 0.0,
    "backward_transfer": 0.01075268817204302,
    "auroc_final": 0.42596161394508125,
    "ram_peak_bytes": 5862,
    "inference_latency_ms": 0.30108449999829645,
    "n_params": 50,
    "aa": 0.4717741935483871,
    "af": 0.0,
    "bwt": 0.01075268817204302,
    "fwt": 0.0,
    "forgetting_per_task": [
      0.0,
      0.0,
      0.0
    ],
    "bwt_per_task": [
      0.0,
      0.03225806451612906,
      0.0
    ],
    "acc_matrix": [
      [
        0.4032258064516129,
        null,
        null,
        null
      ],
      [
        0.4032258064516129,
        0.4032258064516129,
        null,
        null
      ],
      [
        0.4032258064516129,
        0.4032258064516129,
        0.5806451612903226,
        null
      ],
      [
        0.4032258064516129,
        0.43548387096774194,
        0.5806451612903226,
        0.46774193548387094
      ]
    ],
    "n_tasks": 4,
    "auroc_avg": 0.42596161394508125,
    "auroc_per_task": [
      0.37945945945945947,
      0.3594566353187043,
      0.4519230769230769,
      0.5130072840790842
    ],
    "memory": {
      "inference_latency_ms": 0.30108449999829645,
      "inference_latency_std_ms": 0.04538157500764842,
      "ram_peak_bytes": 5862,
      "n_params": 50,
      "ram_fp32_bytes": 200,
      "ram_int8_bytes": 50,
      "within_budget_64ko": true
    }
  }
}