{
  "aa": 0.4717741935483871,
  "af": 0.0,
  "bwt": 0.01075268817204302,
  "ram_peak_bytes": 5862,
  "inference_latency_ms": 0.30108449999829645,
  "n_params": 50
}