{
  "model": "kmeans",
  "dataset": "cwru",
  "scenario": "by_fault_type",
  "global": {
    "permutation_importance": {
      "skewness": 0.0025974025974025428,
      "crest": -0.003463203463203557,
      "mean": -0.006493506493506496,
      "kurtosis": -0.03246753246753248,
      "form": -0.13722943722943726,
      "max": -0.1709956709956711,
      "min": -0.17445887445887448,
      "rms": -0.18268398268398284,
      "sd": -0.18701298701298702
    }
  },
  "per_task": {
    "ball": {
      "permutation_importance": {
        "max": -1.3877787807814457e-17,
        "min": -1.3877787807814457e-17,
        "mean": -1.3877787807814457e-17,
        "sd": -1.3877787807814457e-17,
        "rms": -1.3877787807814457e-17,
        "skewness": -1.3877787807814457e-17,
        "kurtosis": -1.3877787807814457e-17,
        "crest": -1.3877787807814457e-17,
        "form": -1.3877787807814457e-17
      }
    },
    "inner_race": {
      "permutation_importance": {
        "crest": 0.0,
        "skewness": -0.0012987012987012991,
        "kurtosis": -0.0025974025974025983,
        "mean": -0.05584415584415581,
        "max": -0.12467532467532472,
        "min": -0.12467532467532472,
        "sd": -0.1584415584415585,
        "form": -0.15974025974025974,
        "rms": -0.17662337662337668
      }
    },
    "outer_race": {
      "permutation_importance": {
        "skewness": 0.006493506493506551,
        "mean": 0.005194805194805252,
        "crest": 0.0012987012987012991,
        "kurtosis": -0.04285714285714276,
        "form": -0.16493506493506488,
        "min": -0.17922077922077922,
        "sd": -0.19480519480519481,
        "rms": -0.20129870129870137,
        "max": -0.20909090909090905
      }
    }
  }
}