{
  "exp_id": "exp_100",
  "model": "kmeans",
  "dataset": "cwru",
  "scenario": "by_fault_type",
  "acc_final": 0.3116883116883117,
  "avg_forgetting": 0.06493506493506493,
  "backward_transfer": 0.2012987012987013,
  "per_task_acc": [
    0.14285714285714285,
    0.4025974025974026,
    0.38961038961038963
  ],
  "ram_peak_bytes": 5432,
  "inference_latency_ms": 0.1997092000237899,
  "n_params": 18,
  "acc_matrix": [
    [
      0.14285714285714285,
      NaN,
      NaN
    ],
    [
      0.2727272727272727,
      0.0,
      NaN
    ],
    [
      0.14285714285714285,
      0.4025974025974026,
      0.38961038961038963
    ]
  ],
  "k_selected_per_task": [
    2,
    2,
    2
  ],
  "threshold_history": [
    3.8863518238067627,
    4.555324149131774,
    6.927758028507232
  ],
  "ema_alpha": 0.3
}