{
  "model": "dbscan",
  "acc_final": 0.5656031027795734,
  "avg_forgetting": 0.0,
  "backward_transfer": 0.0,
  "auroc_final": 0.4518857674892158,
  "ram_peak_bytes": 49678,
  "inference_latency_ms": 0.3262661000007938,
  "n_params": 4950,
  "aa": 0.5656031027795734,
  "af": 0.0,
  "bwt": 0.0,
  "fwt": 0.0,
  "forgetting_per_task": [
    0.0,
    0.0,
    0.0,
    0.0
  ],
  "bwt_per_task": [
    0.0,
    0.0,
    0.0,
    0.0
  ],
  "acc_matrix": [
    [
      0.5918367346938775,
      null,
      null,
      null,
      null
    ],
    [
      0.5918367346938775,
      0.5769230769230769,
      null,
      null,
      null
    ],
    [
      0.5918367346938775,
      0.5769230769230769,
      0.5510204081632653,
      null,
      null
    ],
    [
      0.5918367346938775,
      0.5769230769230769,
      0.5510204081632653,
      0.5882352941176471,
      null
    ],
    [
      0.5918367346938775,
      0.5769230769230769,
      0.5510204081632653,
      0.5882352941176471,
      0.52
    ]
  ],
  "n_tasks": 5,
  "auroc_avg": 0.4518857674892158,
  "auroc_per_task": [
    0.4793103448275862,
    0.3696969696969697,
    0.3434343434343434,
    0.5333333333333333,
    0.5336538461538461
  ],
  "memory": {
    "inference_latency_ms": 0.3262661000007938,
    "inference_latency_std_ms": 0.14557319254356238,
    "ram_peak_bytes": 49678,
    "n_params": 4950,
    "ram_fp32_bytes": 19800,
    "ram_int8_bytes": 4950,
    "within_budget_64ko": true
  }
}