{
  "mahalanobis": {
    "inference_latency_ms": 0.007275940001818526,
    "inference_latency_std_ms": 0.004290606249364386,
    "ram_peak_bytes": 2092,
    "n_params": 650,
    "ram_fp32_bytes": 2600,
    "ram_int8_bytes": 650,
    "within_budget_64ko": true
  }
}