{
  "model": "mahalanobis",
  "acc_final": 0.44710351833040907,
  "avg_forgetting": 0.015011773940345363,
  "backward_transfer": 0.004996229260935139,
  "auroc_final": 0.49531918592263413,
  "ram_peak_bytes": 2092,
  "inference_latency_ms": 0.007275940001818526,
  "n_params": 650,
  "aa": 0.44710351833040907,
  "af": 0.015011773940345363,
  "bwt": 0.004996229260935139,
  "fwt": 0.0,
  "forgetting_per_task": [
    0.0,
    0.019230769230769218,
    0.040816326530612235,
    0.0
  ],
  "bwt_per_task": [
    0.0,
    -0.019230769230769218,
    0.0,
    0.039215686274509776
  ],
  "acc_matrix": [
    [
      0.46938775510204084,
      null,
      null,
      null,
      null
    ],
    [
      0.4489795918367347,
      0.36538461538461536,
      null,
      null,
      null
    ],
    [
      0.4489795918367347,
      0.36538461538461536,
      0.46938775510204084,
      null,
      null
    ],
    [
      0.42857142857142855,
      0.36538461538461536,
      0.5102040816326531,
      0.43137254901960786,
      null
    ],
    [
      0.46938775510204084,
      0.34615384615384615,
      0.46938775510204084,
      0.47058823529411764,
      0.48
    ]
  ],
  "n_tasks": 5,
  "auroc_avg": 0.49531918592263413,
  "auroc_per_task": [
    0.5793103448275861,
    0.4257575757575758,
    0.4528619528619529,
    0.5587301587301587,
    0.45993589743589747
  ],
  "memory": {
    "inference_latency_ms": 0.007275940001818526,
    "inference_latency_std_ms": 0.004290606249364386,
    "ram_peak_bytes": 2092,
    "n_params": 650,
    "ram_fp32_bytes": 2600,
    "ram_int8_bytes": 650,
    "within_budget_64ko": true
  }
}