{
  "model": "hdc",
  "dataset": "cwru",
  "scenario": "by_fault_type",
  "global": {
    "permutation_importance": {
      "form": 0.023809523809523725,
      "max": 0.010822510822510845,
      "kurtosis": 0.006926406926406892,
      "min": 0.0060606060606061,
      "mean": 0.0021645021645022577,
      "crest": -0.0034632034632033903,
      "skewness": -0.003896103896103953,
      "sd": -0.007792207792207906,
      "rms": -0.011255411255411296
    },
    "feature_masking_importance": {
      "mean": -0.025974025974025983,
      "form": -0.02813852813852813,
      "crest": -0.030303030303030276,
      "max": -0.038961038961038974,
      "rms": -0.045454545454545414,
      "kurtosis": -0.045454545454545414,
      "min": -0.04761904761904767,
      "sd": -0.05411255411255411,
      "skewness": -0.05411255411255411
    }
  },
  "per_task": {
    "ball": {
      "permutation_importance": {
        "skewness": 0.020779220779220897,
        "min": 0.020779220779220786,
        "sd": 0.011688311688311748,
        "max": 0.010389610389610504,
        "kurtosis": 0.010389610389610504,
        "form": 0.00909090909090915,
        "rms": 0.006493506493506551,
        "mean": 0.0,
        "crest": -0.0025974025974024872
      }
    },
    "inner_race": {
      "permutation_importance": {
        "form": 0.07142857142857151,
        "min": 0.02207792207792214,
        "mean": 0.02207792207792214,
        "skewness": 0.01948051948051943,
        "max": 0.01298701298701288,
        "sd": -0.0025974025974025983,
        "kurtosis": -0.0051948051948051965,
        "rms": -0.007792207792207684,
        "crest": -0.02467532467532474
      }
    },
    "outer_race": {
      "permutation_importance": {
        "min": 0.016883116883116944,
        "rms": -0.0025974025974024872,
        "form": -0.009090909090909038,
        "max": -0.010389610389610393,
        "crest": -0.010389610389610393,
        "kurtosis": -0.012987012987012991,
        "mean": -0.018181818181818188,
        "sd": -0.028571428571428692,
        "skewness": -0.04025974025974033
      }
    }
  }
}