{
  "exp_id": "exp_109",
  "model": "hdc",
  "dataset": "cwru",
  "scenario": "by_fault_type",
  "acc_final": 0.935064935064935,
  "avg_forgetting": 0.04545454545454547,
  "backward_transfer": -0.038961038961038974,
  "per_task_acc": [
    0.974025974025974,
    0.8701298701298701,
    0.961038961038961
  ],
  "ram_peak_bytes": 7848,
  "inference_latency_ms": 0.049971119969995925,
  "n_params": 1024,
  "acc_matrix": [
    [
      0.961038961038961,
      NaN,
      NaN
    ],
    [
      0.974025974025974,
      0.961038961038961,
      NaN
    ],
    [
      0.974025974025974,
      0.8701298701298701,
      0.961038961038961
    ]
  ]
}