{
  "exp_id": "exp_109",
  "cl_metrics": {
    "aa": 0.935064935064935,
    "af": 0.04545454545454547,
    "bwt": -0.038961038961038974,
    "fwt": 0.0,
    "forgetting_per_task": [
      0.0,
      0.09090909090909094
    ],
    "bwt_per_task": [
      0.012987012987012991,
      -0.09090909090909094
    ],
    "acc_matrix": [
      [
        0.961038961038961,
        null,
        null
      ],
      [
        0.974025974025974,
        0.961038961038961,
        null
      ],
      [
        0.974025974025974,
        0.8701298701298701,
        0.961038961038961
      ]
    ],
    "n_tasks": 3,
    "ram_peak_bytes": 7848,
    "inference_latency_ms": 0.049971119969995925,
    "n_params": 1024,
    "estimated_ram_fp32_bytes": 7176,
    "estimated_ram_int8_bytes": 3080
  }
}