{
  "kmeans": {
    "model": "kmeans",
    "acc_final": 0.8900381547172538,
    "avg_forgetting": 0.030844969566774072,
    "backward_transfer": -0.030844969566774072,
    "auroc_final": 0.8549097384592487,
    "ram_peak_bytes": 5574,
    "inference_latency_ms": 0.3191688000879367,
    "n_params": 26,
    "aa": 0.8900381547172538,
    "af": 0.030844969566774072,
    "bwt": -0.030844969566774072,
    "fwt": 0.0,
    "forgetting_per_task": [
      0.03537414965986396,
      0.02631578947368418
    ],
    "bwt_per_task": [
      -0.03537414965986396,
      -0.02631578947368418
    ],
    "acc_matrix": [
      [
        0.8965986394557823,
        null,
        null
      ],
      [
        0.8530612244897959,
        0.9210526315789473,
        null
      ],
      [
        0.8612244897959184,
        0.8947368421052632,
        0.91415313225058
      ]
    ],
    "n_tasks": 3,
    "auroc_avg": 0.8549097384592487,
    "auroc_per_task": [
      0.8907674694361534,
      0.8093009931245225,
      0.8646607528170702
    ],
    "memory": {
      "inference_latency_ms": 0.3191688000879367,
      "inference_latency_std_ms": 0.0623556863299631,
      "ram_peak_bytes": 5574,
      "n_params": 26,
      "ram_fp32_bytes": 104,
      "ram_int8_bytes": 26,
      "within_budget_64ko": true
    }
  }
}