{
  "model": "kmeans",
  "acc_final": 0.4503970819096869,
  "avg_forgetting": 0.00990973312401884,
  "backward_transfer": 9.426847662140359e-05,
  "auroc_final": 0.49845474129956885,
  "ram_peak_bytes": 5770,
  "inference_latency_ms": 0.572456210004475,
  "n_params": 50,
  "aa": 0.4503970819096869,
  "af": 0.00990973312401884,
  "bwt": 9.426847662140359e-05,
  "fwt": 0.0,
  "forgetting_per_task": [
    0.0,
    0.019230769230769218,
    0.020408163265306145,
    0.0
  ],
  "bwt_per_task": [
    0.02040816326530609,
    -0.019230769230769218,
    -0.020408163265306145,
    0.019607843137254888
  ],
  "acc_matrix": [
    [
      0.40816326530612246,
      null,
      null,
      null,
      null
    ],
    [
      0.40816326530612246,
      0.4230769230769231,
      null,
      null,
      null
    ],
    [
      0.42857142857142855,
      0.40384615384615385,
      0.46938775510204084,
      null,
      null
    ],
    [
      0.40816326530612246,
      0.38461538461538464,
      0.4489795918367347,
      0.45098039215686275,
      null
    ],
    [
      0.42857142857142855,
      0.40384615384615385,
      0.4489795918367347,
      0.47058823529411764,
      0.5
    ]
  ],
  "n_tasks": 5,
  "auroc_avg": 0.49845474129956885,
  "auroc_per_task": [
    0.5310344827586206,
    0.41363636363636364,
    0.46632996632996637,
    0.5476190476190476,
    0.5336538461538461
  ],
  "memory": {
    "inference_latency_ms": 0.572456210004475,
    "inference_latency_std_ms": 0.11200706707905213,
    "ram_peak_bytes": 5770,
    "n_params": 50,
    "ram_fp32_bytes": 200,
    "ram_int8_bytes": 50,
    "within_budget_64ko": true
  }
}