{
  "exp_id": "exp_101",
  "model": "kmeans",
  "dataset": "cwru",
  "scenario": "by_severity",
  "acc_final": 0.45021645021645024,
  "avg_forgetting": 0.0,
  "backward_transfer": 0.44155844155844154,
  "per_task_acc": [
    0.6233766233766234,
    0.4805194805194805,
    0.24675324675324675
  ],
  "ram_peak_bytes": 5386,
  "inference_latency_ms": 0.2444860500690993,
  "n_params": 18,
  "acc_matrix": [
    [
      0.07792207792207792,
      NaN,
      NaN
    ],
    [
      0.5844155844155844,
      0.14285714285714285,
      NaN
    ],
    [
      0.6233766233766234,
      0.4805194805194805,
      0.24675324675324675
    ]
  ],
  "k_selected_per_task": [
    2,
    2,
    2
  ],
  "threshold_history": [
    2.8547310829162598,
    2.9858742237091063,
    3.36882670879364
  ],
  "ema_alpha": 0.3
}