{
  "exp_id": "exp_085_dbscan_cwru_by_severity",
  "model": "dbscan",
  "dataset": "cwru",
  "scenario": "by_fault_type",
  "acc_final": 0.12121212121212122,
  "avg_forgetting": 0.2922077922077922,
  "backward_transfer": -0.012987012987012977,
  "per_task_acc": [
    0.1038961038961039,
    0.1038961038961039,
    0.15584415584415584
  ],
  "ram_peak_bytes": 31474,
  "inference_latency_ms": 0.2205573699939123,
  "n_params": 2439,
  "acc_matrix": [
    [
      0.09090909090909091,
      NaN,
      NaN
    ],
    [
      0.6493506493506493,
      0.14285714285714285,
      NaN
    ],
    [
      0.1038961038961039,
      0.1038961038961039,
      0.15584415584415584
    ]
  ]
}