{
  "exp_id": "exp_077_kmeans_cwru_by_fault_type",
  "model": "kmeans",
  "dataset": "cwru",
  "scenario": "by_fault_type",
  "acc_final": 0.15151515151515152,
  "avg_forgetting": 0.019480519480519473,
  "backward_transfer": 0.038961038961038974,
  "per_task_acc": [
    0.1038961038961039,
    0.19480519480519481,
    0.15584415584415584
  ],
  "ram_peak_bytes": 5432,
  "inference_latency_ms": 0.16130023996083764,
  "n_params": 18,
  "acc_matrix": [
    [
      0.14285714285714285,
      NaN,
      NaN
    ],
    [
      0.07792207792207792,
      0.07792207792207792,
      NaN
    ],
    [
      0.1038961038961039,
      0.19480519480519481,
      0.15584415584415584
    ]
  ]
}