{
  "model": "mahalanobis",
  "acc_final": 0.9524221862154071,
  "avg_forgetting": 0.0009861932938856066,
  "backward_transfer": -0.0009861932938856066,
  "auroc_final": 0.9717906228584905,
  "ram_peak_bytes": 1504,
  "inference_latency_ms": 0.018014859992945276,
  "n_params": 20,
  "aa": 0.9524221862154071,
  "af": 0.0009861932938856066,
  "bwt": -0.0009861932938856066,
  "fwt": 0.0,
  "forgetting_per_task": [
    0.0019723865877712132,
    0.0
  ],
  "bwt_per_task": [
    -0.0019723865877712132,
    0.0
  ],
  "acc_matrix": [
    [
      0.9506903353057199,
      null,
      null
    ],
    [
      0.9506903353057199,
      0.9512670565302144,
      null
    ],
    [
      0.9487179487179487,
      0.9512670565302144,
      0.9572815533980582
    ]
  ],
  "n_tasks": 3,
  "auroc_avg": 0.9717906228584905,
  "auroc_per_task": [
    0.9747483588621445,
    0.9548222926747874,
    0.9858012170385395
  ],
  "memory": {
    "inference_latency_ms": 0.018014859992945276,
    "inference_latency_std_ms": 0.016714078349252606,
    "ram_peak_bytes": 1504,
    "n_params": 20,
    "ram_fp32_bytes": 80,
    "ram_int8_bytes": 20,
    "within_budget_64ko": true
  }
}