{
  "model": "mahalanobis",
  "acc_final": 0.9510050539332076,
  "avg_forgetting": 0.0024064390865290997,
  "backward_transfer": 5.186184005800953e-06,
  "auroc_final": 0.9821193451164305,
  "ram_peak_bytes": 1504,
  "inference_latency_ms": 0.0077851500032011245,
  "n_params": 20,
  "aa": 0.9510050539332076,
  "af": 0.0024064390865290997,
  "bwt": 5.186184005800953e-06,
  "fwt": 0.0,
  "forgetting_per_task": [
    0.0031948881789137795,
    0.006430868167202619,
    0.0,
    0.0
  ],
  "bwt_per_task": [
    0.0,
    -0.006430868167202619,
    0.006451612903225823,
    0.0
  ],
  "acc_matrix": [
    [
      0.9616613418530351,
      null,
      null,
      null,
      null
    ],
    [
      0.9648562300319489,
      0.9614147909967846,
      null,
      null,
      null
    ],
    [
      0.9616613418530351,
      0.954983922829582,
      0.9483870967741935,
      null,
      null
    ],
    [
      0.9584664536741214,
      0.954983922829582,
      0.9483870967741935,
      0.954248366013072,
      null
    ],
    [
      0.9616613418530351,
      0.954983922829582,
      0.9548387096774194,
      0.954248366013072,
      0.9292929292929293
    ]
  ],
  "n_tasks": 5,
  "auroc_avg": 0.9821193451164305,
  "auroc_per_task": [
    0.975062656641604,
    0.9930555555555556,
    0.9878598681928548,
    0.9716170795468692,
    0.9830015656452695
  ],
  "memory": {
    "inference_latency_ms": 0.0077851500032011245,
    "inference_latency_std_ms": 0.006790461082360219,
    "ram_peak_bytes": 1504,
    "n_params": 20,
    "ram_fp32_bytes": 80,
    "ram_int8_bytes": 20,
    "within_budget_64ko": true
  }
}