{
  "exp_id": "exp_093_dbscan_cwru_by_severity_v2",
  "model": "dbscan",
  "dataset": "cwru",
  "scenario": "by_severity",
  "acc_final": 0.8961038961038961,
  "avg_forgetting": 0.0,
  "backward_transfer": 0.0,
  "per_task_acc": [
    0.8961038961038961,
    0.8961038961038961,
    0.8961038961038961
  ],
  "ram_peak_bytes": 57628,
  "inference_latency_ms": 0.36546034988532483,
  "n_params": 4797,
  "acc_matrix": [
    [
      0.8961038961038961,
      NaN,
      NaN
    ],
    [
      0.8961038961038961,
      0.8961038961038961,
      NaN
    ],
    [
      0.8961038961038961,
      0.8961038961038961,
      0.8961038961038961
    ]
  ],
  "eps_per_task": [
    1.6234653827304988,
    3.068937959669605,
    2.901106108928307
  ],
  "thresholds_per_task": {
    "0": 0.0,
    "1": 0.0,
    "2": 2.9802322387695312e-08
  }
}