{
  "exp_id": "exp_013_ewc_pump_by_id",
  "cl_metrics": {
    "ewc": {
      "aa": 0.5657569489334195,
      "af": 0.009909733124018827,
      "bwt": -0.009909733124018827,
      "fwt": 0.0,
      "forgetting_per_task": [
        0.020408163265306145,
        0.019230769230769162,
        0.0,
        0.0
      ],
      "bwt_per_task": [
        -0.020408163265306145,
        -0.019230769230769162,
        0.0,
        0.0
      ],
      "acc_matrix": [
        [
          0.5918367346938775,
          null,
          null,
          null,
          null
        ],
        [
          0.5918367346938775,
          0.5769230769230769,
          null,
          null,
          null
        ],
        [
          0.5714285714285714,
          0.5769230769230769,
          0.5714285714285714,
          null,
          null
        ],
        [
          0.5918367346938775,
          0.5769230769230769,
          0.5510204081632653,
          0.5882352941176471,
          null
        ],
        [
          0.5714285714285714,
          0.5576923076923077,
          0.5714285714285714,
          0.5882352941176471,
          0.54
        ]
      ],
      "n_tasks": 5
    },
    "memory": {
      "model": "EWCMlpClassifier",
      "input_shape": [
        1,
        25
      ],
      "forward": {
        "ram_peak_bytes": 1171,
        "ram_current_bytes": 72,
        "inference_latency_ms": 0.03605114000095,
        "inference_latency_std_ms": 0.004384488693391191,
        "n_params": 1377,
        "params_fp32_bytes": 5508,
        "params_int8_bytes": 1377,
        "within_budget_64ko": true
      },
      "update": {
        "ram_peak_bytes_update": 6949,
        "update_latency_ms": 0.6297334400051113,
        "update_latency_std_ms": 0.014247115076890112,
        "within_budget_64ko_update": true
      }
    },
    "naive": {
      "aa": 0.5338979899652169,
      "af": 0.0595411241419645,
      "bwt": -0.04963139101794564,
      "fwt": 0.0,
      "forgetting_per_task": [
        0.10204081632653061,
        0.05769230769230771,
        0.0,
        0.07843137254901966
      ],
      "bwt_per_task": [
        -0.10204081632653061,
        -0.038461538461538436,
        0.020408163265306145,
        -0.07843137254901966
      ],
      "acc_matrix": [
        [
          0.5918367346938775,
          null,
          null,
          null,
          null
        ],
        [
          0.5918367346938775,
          0.5769230769230769,
          null,
          null,
          null
        ],
        [
          0.5918367346938775,
          0.5769230769230769,
          0.5510204081632653,
          null,
          null
        ],
        [
          0.5918367346938775,
          0.5961538461538461,
          0.5510204081632653,
          0.5882352941176471,
          null
        ],
        [
          0.4897959183673469,
          0.5384615384615384,
          0.5714285714285714,
          0.5098039215686274,
          0.56
        ]
      ],
      "n_tasks": 5
    },
    "joint": {
      "aa": 0.48282389879028537,
      "af": 0.0,
      "bwt": NaN,
      "fwt": 0.0,
      "forgetting_per_task": [
        0.0,
        0.0,
        0.0,
        0.0
      ],
      "bwt_per_task": [
        NaN,
        NaN,
        NaN,
        NaN
      ],
      "acc_matrix": [
        [
          null,
          null,
          null,
          null,
          null
        ],
        [
          null,
          null,
          null,
          null,
          null
        ],
        [
          null,
          null,
          null,
          null,
          null
        ],
        [
          null,
          null,
          null,
          null,
          null
        ],
        [
          0.5714285714285714,
          0.46153846153846156,
          0.46938775510204084,
          0.4117647058823529,
          0.5
        ]
      ],
      "n_tasks": 5
    }
  }
}