{
  "exp_id": "exp_110",
  "cl_metrics": {
    "aa": 0.8917748917748919,
    "af": 0.019480519480519487,
    "bwt": -0.006493506493506496,
    "fwt": 0.0,
    "forgetting_per_task": [
      0.0,
      0.038961038961038974
    ],
    "bwt_per_task": [
      0.025974025974025983,
      -0.038961038961038974
    ],
    "acc_matrix": [
      [
        0.948051948051948,
        null,
        null
      ],
      [
        0.974025974025974,
        0.8311688311688312,
        null
      ],
      [
        0.974025974025974,
        0.7922077922077922,
        0.9090909090909091
      ]
    ],
    "n_tasks": 3,
    "ram_peak_bytes": 7848,
    "inference_latency_ms": 0.04793607997271465,
    "n_params": 1024,
    "estimated_ram_fp32_bytes": 7176,
    "estimated_ram_int8_bytes": 3080
  }
}