{
  "exp_id": "exp_110",
  "model": "hdc",
  "dataset": "cwru",
  "scenario": "by_severity",
  "acc_final": 0.8917748917748919,
  "avg_forgetting": 0.019480519480519487,
  "backward_transfer": -0.006493506493506496,
  "per_task_acc": [
    0.974025974025974,
    0.7922077922077922,
    0.9090909090909091
  ],
  "ram_peak_bytes": 7848,
  "inference_latency_ms": 0.04793607997271465,
  "n_params": 1024,
  "acc_matrix": [
    [
      0.948051948051948,
      NaN,
      NaN
    ],
    [
      0.974025974025974,
      0.8311688311688312,
      NaN
    ],
    [
      0.974025974025974,
      0.7922077922077922,
      0.9090909090909091
    ]
  ]
}