{
  "exp_id": "exp_012_tinyol_pump_by_id",
  "model": "tinyol",
  "dataset": "pump_maintenance",
  "timestamp": "2026-04-14T17:03:50.462891",
  "seed": 42,
  "acc_final": 0.5629431357995088,
  "avg_forgetting": 0.007062982253086436,
  "backward_transfer": -0.003043741550607104,
  "acc_matrix": [
    [
      0.5867768595041323
    ],
    [
      0.5867768595041323,
      0.56640625
    ],
    [
      0.5867768595041323,
      0.57421875,
      0.551440329218107
    ],
    [
      0.5867768595041323,
      0.57421875,
      0.551440329218107,
      0.6
    ],
    [
      0.5950413223140496,
      0.5703125,
      0.5390946502057613,
      0.588,
      0.5222672064777328
    ]
  ],
  "ram_peak_bytes": 5762,
  "inference_latency_ms": 0.010219520001442106,
  "n_params_oto": 10,
  "n_params_encoder": 1496
}