{
  "cl_metrics": {
    "model": "knn",
    "aa": 0.9524066875324033,
    "af": 0.027486533559408055,
    "bwt": -0.027486533559408055,
    "fwt": 0.0,
    "forgetting_per_task": [
      0.0335305719921104,
      0.021442495126705707
    ],
    "bwt_per_task": [
      -0.0335305719921104,
      -0.021442495126705707
    ],
    "acc_matrix": [
      [
        0.9763313609467456,
        null,
        null
      ],
      [
        0.9644970414201184,
        0.9844054580896686,
        null
      ],
      [
        0.9428007889546351,
        0.9629629629629629,
        0.9514563106796117
      ]
    ],
    "n_tasks": 3,
    "auroc_avg": 0.9727862141689895,
    "auroc_per_task": [
      0.9813566739606128,
      0.9473552477890873,
      0.9896467207572684
    ],
    "memory": {
      "inference_latency_ms": 15.754705270046543,
      "inference_latency_std_ms": 0.6549075906493166,
      "ram_peak_bytes": 113102,
      "n_params": 24548,
      "ram_fp32_bytes": 98192,
      "ram_int8_bytes": 24548,
      "within_budget_64ko": false
    }
  }
}