{
  "exp_id": "exp_017_hdc_monitoring_by_location",
  "cl_metrics": {
    "aa": 0.8563210936854047,
    "af": 0.02740332503693338,
    "bwt": -0.02740332503693338,
    "fwt": 0.0,
    "forgetting_per_task": [
      0.0383386581469648,
      0.022508038585209,
      0.019354838709677358,
      0.02941176470588236
    ],
    "bwt_per_task": [
      -0.0383386581469648,
      -0.022508038585209,
      -0.019354838709677358,
      -0.02941176470588236
    ],
    "acc_matrix": [
      [
        0.8945686900958466,
        null,
        null,
        null,
        null
      ],
      [
        0.8753993610223643,
        0.8392282958199357,
        null,
        null,
        null
      ],
      [
        0.8722044728434505,
        0.8327974276527331,
        0.9193548387096774,
        null,
        null
      ],
      [
        0.8753993610223643,
        0.8360128617363344,
        0.9193548387096774,
        0.8660130718954249,
        null
      ],
      [
        0.8562300319488818,
        0.8167202572347267,
        0.9,
        0.8366013071895425,
        0.8720538720538721
      ]
    ],
    "n_tasks": 5,
    "ram_peak_bytes": 14504,
    "inference_latency_ms": 0.05008151000311045,
    "n_params": 2048,
    "estimated_ram_fp32_bytes": 14344,
    "estimated_ram_int8_bytes": 6152
  }
}