{
  "exp_id": "exp_026_hdc_pump_temporal",
  "cl_metrics": {
    "aa": 0.4637096774193548,
    "af": 0.06451612903225806,
    "bwt": -0.05913978494623656,
    "fwt": 0.0,
    "forgetting_per_task": [
      0.1935483870967742,
      0.0,
      0.0
    ],
    "bwt_per_task": [
      -0.1935483870967742,
      0.016129032258064502,
      0.0
    ],
    "acc_matrix": [
      [
        0.5161290322580645,
        null,
        null,
        null
      ],
      [
        0.5,
        0.4838709677419355,
        null,
        null
      ],
      [
        0.3870967741935484,
        0.5,
        0.4838709677419355,
        null
      ],
      [
        0.3225806451612903,
        0.5,
        0.4838709677419355,
        0.5483870967741935
      ]
    ],
    "n_tasks": 4,
    "ram_peak_bytes": 14504,
    "inference_latency_ms": 0.21849967999855835,
    "n_params": 2048,
    "estimated_ram_fp32_bytes": 14344,
    "estimated_ram_int8_bytes": 6152
  }
}