{
  "exp_id": "exp_016_ewc_monitoring_by_location",
  "cl_metrics": {
    "ewc": {
      "aa": 0.9816856414260793,
      "af": 0.0008064516129032417,
      "bwt": 0.003197431563082692,
      "fwt": 0.0,
      "forgetting_per_task": [
        0.0,
        0.0,
        0.003225806451612967,
        0.0
      ],
      "bwt_per_task": [
        0.009584664536741117,
        0.006430868167202619,
        -0.003225806451612967,
        0.0
      ],
      "acc_matrix": [
        [
          0.9776357827476039,
          null,
          null,
          null,
          null
        ],
        [
          0.9840255591054313,
          0.977491961414791,
          null,
          null,
          null
        ],
        [
          0.9840255591054313,
          0.9839228295819936,
          0.9903225806451613,
          null,
          null
        ],
        [
          0.987220447284345,
          0.9839228295819936,
          0.9903225806451613,
          0.9771241830065359,
          null
        ],
        [
          0.987220447284345,
          0.9839228295819936,
          0.9870967741935484,
          0.9771241830065359,
          0.9730639730639731
        ]
      ],
      "n_tasks": 5
    },
    "memory": {
      "model": "EWCMlpClassifier",
      "input_shape": [
        1,
        4
      ],
      "forward": {
        "ram_peak_bytes": 1171,
        "ram_current_bytes": 72,
        "inference_latency_ms": 0.03486008000095353,
        "inference_latency_std_ms": 0.0018168172604128695,
        "n_params": 705,
        "params_fp32_bytes": 2820,
        "params_int8_bytes": 705,
        "within_budget_64ko": true
      },
      "update": {
        "ram_peak_bytes_update": 7255,
        "update_latency_ms": 0.6269829999928334,
        "update_latency_std_ms": 0.013970250395100062,
        "within_budget_64ko_update": true
      }
    },
    "naive": {
      "aa": 0.9849742856511652,
      "af": 0.0016157155087807296,
      "bwt": 0.0031894828039365497,
      "fwt": 0.0,
      "forgetting_per_task": [
        0.0031948881789137795,
        0.0,
        0.0,
        0.0032679738562091387
      ],
      "bwt_per_task": [
        0.009584664536741117,
        0.003215434083601254,
        0.003225806451612967,
        -0.0032679738562091387
      ],
      "acc_matrix": [
        [
          0.9776357827476039,
          null,
          null,
          null,
          null
        ],
        [
          0.987220447284345,
          0.9839228295819936,
          null,
          null,
          null
        ],
        [
          0.9904153354632588,
          0.9839228295819936,
          0.9870967741935484,
          null,
          null
        ],
        [
          0.9904153354632588,
          0.9839228295819936,
          0.9903225806451613,
          0.9836601307189542,
          null
        ],
        [
          0.987220447284345,
          0.9871382636655949,
          0.9903225806451613,
          0.9803921568627451,
          0.9797979797979798
        ]
      ],
      "n_tasks": 5
    },
    "joint": {
      "aa": 0.9836660165229192,
      "af": 0.0,
      "bwt": NaN,
      "fwt": 0.0,
      "forgetting_per_task": [
        0.0,
        0.0,
        0.0,
        0.0
      ],
      "bwt_per_task": [
        NaN,
        NaN,
        NaN,
        NaN
      ],
      "acc_matrix": [
        [
          null,
          null,
          null,
          null,
          null
        ],
        [
          null,
          null,
          null,
          null,
          null
        ],
        [
          null,
          null,
          null,
          null,
          null
        ],
        [
          null,
          null,
          null,
          null,
          null
        ],
        [
          0.9808306709265175,
          0.9903536977491961,
          0.9903225806451613,
          0.9803921568627451,
          0.9764309764309764
        ]
      ],
      "n_tasks": 5
    }
  }
}