{
  "exp_id": "exp_092_dbscan_cwru_by_fault_type_v2",
  "model": "dbscan",
  "dataset": "cwru",
  "scenario": "by_fault_type",
  "acc_final": 0.8961038961038961,
  "avg_forgetting": 0.0,
  "backward_transfer": 0.0,
  "per_task_acc": [
    0.8961038961038961,
    0.8961038961038961,
    0.8961038961038961
  ],
  "ram_peak_bytes": 57682,
  "inference_latency_ms": 0.23489459998927487,
  "n_params": 4806,
  "acc_matrix": [
    [
      0.8961038961038961,
      NaN,
      NaN
    ],
    [
      0.8961038961038961,
      0.8961038961038961,
      NaN
    ],
    [
      0.8961038961038961,
      0.8961038961038961,
      0.8961038961038961
    ]
  ],
  "eps_per_task": [
    7.216722343648716,
    4.333975067886926,
    8.072843786915616
  ],
  "thresholds_per_task": {
    "0": 2.9802322387695312e-08,
    "1": 2.384185791015625e-07,
    "2": 4.76837158203125e-07
  }
}