{
  "exp_id": "exp_090_kmeans_cwru_by_fault_type_v2",
  "model": "kmeans",
  "dataset": "cwru",
  "scenario": "by_fault_type",
  "acc_final": 0.2727272727272727,
  "avg_forgetting": 0.20779220779220778,
  "backward_transfer": 0.2207792207792208,
  "per_task_acc": [
    0.16883116883116883,
    0.4935064935064935,
    0.15584415584415584
  ],
  "ram_peak_bytes": 5432,
  "inference_latency_ms": 0.30484471997624496,
  "n_params": 18,
  "acc_matrix": [
    [
      0.14285714285714285,
      NaN,
      NaN
    ],
    [
      0.5844155844155844,
      0.07792207792207792,
      NaN
    ],
    [
      0.16883116883116883,
      0.4935064935064935,
      0.15584415584415584
    ]
  ],
  "k_selected_per_task": [
    2,
    2,
    2
  ],
  "thresholds_per_task": {
    "0": 3.886352062225342,
    "1": 6.116259574890137,
    "2": 12.4634370803833
  }
}