{
  "exp_id": "exp_083_kmeans_cwru_by_severity",
  "model": "kmeans",
  "dataset": "cwru",
  "scenario": "by_fault_type",
  "acc_final": 0.30303030303030304,
  "avg_forgetting": 0.06493506493506493,
  "backward_transfer": 0.2857142857142857,
  "per_task_acc": [
    0.35064935064935066,
    0.4155844155844156,
    0.14285714285714285
  ],
  "ram_peak_bytes": 5432,
  "inference_latency_ms": 0.3004532499653578,
  "n_params": 18,
  "acc_matrix": [
    [
      0.07792207792207792,
      NaN,
      NaN
    ],
    [
      0.4805194805194805,
      0.11688311688311688,
      NaN
    ],
    [
      0.35064935064935066,
      0.4155844155844156,
      0.14285714285714285
    ]
  ]
}