{
  "exp_id": "exp_111",
  "cl_metrics": {
    "aa": 0.8502762171882768,
    "af": 0.05552571905955367,
    "bwt": -0.05552571905955367,
    "fwt": 0.0,
    "forgetting_per_task": [
      0.020408163265306145,
      0.09064327485380119
    ],
    "bwt_per_task": [
      -0.020408163265306145,
      -0.09064327485380119
    ],
    "acc_matrix": [
      [
        0.9115646258503401,
        null,
        null
      ],
      [
        0.9047619047619048,
        0.8245614035087719,
        null
      ],
      [
        0.891156462585034,
        0.7339181286549707,
        0.925754060324826
      ]
    ],
    "n_tasks": 3,
    "ram_peak_bytes": 14504,
    "inference_latency_ms": 0.07065332005367964,
    "n_params": 2048,
    "estimated_ram_fp32_bytes": 14344,
    "estimated_ram_int8_bytes": 6152
  }
}