{
  "exp_id": "exp_111",
  "model": "hdc",
  "dataset": "pronostia",
  "scenario": "by_condition",
  "acc_final": 0.8502762171882768,
  "avg_forgetting": 0.05552571905955367,
  "backward_transfer": -0.05552571905955367,
  "per_task_acc": [
    0.891156462585034,
    0.7339181286549707,
    0.925754060324826
  ],
  "ram_peak_bytes": 14504,
  "inference_latency_ms": 0.07065332005367964,
  "n_params": 2048,
  "acc_matrix": [
    [
      0.9115646258503401,
      NaN,
      NaN
    ],
    [
      0.9047619047619048,
      0.8245614035087719,
      NaN
    ],
    [
      0.891156462585034,
      0.7339181286549707,
      0.925754060324826
    ]
  ]
}