{
  "model": "ewc",
  "dataset": "cwru",
  "scenario": "by_fault_type",
  "global": {
    "permutation_importance": {
      "kurtosis": 0.05757575757575761,
      "rms": 0.04805194805194801,
      "form": 0.028571428571428692,
      "max": 0.027705627705627678,
      "min": 0.027705627705627678,
      "sd": 0.02207792207792214,
      "skewness": 0.0008658008658009031,
      "mean": -0.0021645021645020357,
      "crest": -0.0021645021645022577
    },
    "gradient_saliency": {
      "max": 0.013870170339941978,
      "min": 0.011240329593420029,
      "mean": 0.01085108146071434,
      "sd": 0.02710241824388504,
      "rms": 0.039921026676893234,
      "skewness": 0.012581947259604931,
      "kurtosis": 0.02267500013113022,
      "crest": 0.005670304410159588,
      "form": 0.039387091994285583
    }
  },
  "per_task": {
    "ball": {
      "permutation_importance": {
        "kurtosis": 0.014285714285714235,
        "skewness": 0.0,
        "crest": 0.0,
        "min": -0.0051948051948051965,
        "form": -0.010389610389610282,
        "mean": -0.011688311688311637,
        "rms": -0.015584415584415479,
        "max": -0.020779220779220786,
        "sd": -0.024675324675324517
      }
    },
    "inner_race": {
      "permutation_importance": {
        "rms": 0.08181818181818179,
        "sd": 0.06623376623376609,
        "max": 0.06493506493506496,
        "min": 0.05454545454545445,
        "form": 0.028571428571428692,
        "mean": 0.0,
        "skewness": 0.0,
        "kurtosis": 0.0,
        "crest": 0.0
      }
    },
    "outer_race": {
      "permutation_importance": {
        "kurtosis": 0.10519480519480529,
        "rms": 0.06883116883116869,
        "max": 0.06493506493506485,
        "min": 0.06363636363636371,
        "sd": 0.058441558441558406,
        "form": 0.05714285714285716,
        "crest": 0.0025974025974025983,
        "mean": 0.0,
        "skewness": 0.0
      }
    }
  }
}