{
  "exp_id": "exp_079_dbscan_cwru_by_fault_type",
  "model": "dbscan",
  "dataset": "cwru",
  "scenario": "by_fault_type",
  "acc_final": 0.12554112554112554,
  "avg_forgetting": 0.04545454545454544,
  "backward_transfer": -0.04545454545454544,
  "per_task_acc": [
    0.1038961038961039,
    0.1038961038961039,
    0.16883116883116883
  ],
  "ram_peak_bytes": 16788,
  "inference_latency_ms": 0.12907623015053105,
  "n_params": 1116,
  "acc_matrix": [
    [
      0.16883116883116883,
      NaN,
      NaN
    ],
    [
      0.1038961038961039,
      0.12987012987012986,
      NaN
    ],
    [
      0.1038961038961039,
      0.1038961038961039,
      0.16883116883116883
    ]
  ]
}