{
  "mahalanobis": {
    "inference_latency_ms": 0.007231670000464874,
    "inference_latency_std_ms": 0.0041397268421879884,
    "ram_peak_bytes": 2092,
    "n_params": 650,
    "ram_fp32_bytes": 2600,
    "ram_int8_bytes": 650,
    "within_budget_64ko": true
  }
}