{
  "model": "mahalanobis",
  "acc_final": 0.4838709677419355,
  "avg_forgetting": 0.02150537634408602,
  "backward_transfer": 0.01612903225806452,
  "auroc_final": 0.4625372752275404,
  "ram_peak_bytes": 2092,
  "inference_latency_ms": 0.007231670000464874,
  "n_params": 650,
  "aa": 0.4838709677419355,
  "af": 0.02150537634408602,
  "bwt": 0.01612903225806452,
  "fwt": 0.0,
  "forgetting_per_task": [
    0.032258064516129004,
    0.03225806451612906,
    0.0
  ],
  "bwt_per_task": [
    0.0,
    -0.03225806451612906,
    0.08064516129032262
  ],
  "acc_matrix": [
    [
      0.41935483870967744,
      null,
      null,
      null
    ],
    [
      0.45161290322580644,
      0.43548387096774194,
      null,
      null
    ],
    [
      0.45161290322580644,
      0.4032258064516129,
      0.4838709677419355,
      null
    ],
    [
      0.41935483870967744,
      0.4032258064516129,
      0.5645161290322581,
      0.5483870967741935
    ]
  ],
  "n_tasks": 4,
  "auroc_avg": 0.4625372752275404,
  "auroc_per_task": [
    0.4032432432432433,
    0.4043887147335423,
    0.47435897435897434,
    0.5681581685744016
  ],
  "memory": {
    "inference_latency_ms": 0.007231670000464874,
    "inference_latency_std_ms": 0.0041397268421879884,
    "ram_peak_bytes": 2092,
    "n_params": 650,
    "ram_fp32_bytes": 2600,
    "ram_int8_bytes": 650,
    "within_budget_64ko": true
  }
}