{
  "aa": 0.4838709677419355,
  "af": 0.02150537634408602,
  "bwt": 0.01612903225806452,
  "ram_peak_bytes": 2092,
  "inference_latency_ms": 0.007231670000464874,
  "n_params": 650
}