{
  "exp_id": "exp_003",
  "model": "tinyol",
  "dataset": "dataset1_pump",
  "timestamp": "2026-04-10T09:42:07.313047",
  "seed": 42,
  "acc_final": 0.5585804757491505,
  "avg_forgetting": 0.008433734939759074,
  "backward_transfer": -0.008433734939759074,
  "acc_matrix": [
    [
      0.5590361445783133
    ],
    [
      0.5566265060240964,
      0.5662650602409639
    ],
    [
      0.5518072289156627,
      0.5566265060240964,
      0.5673076923076923
    ]
  ],
  "ram_peak_bytes": 6425,
  "inference_latency_ms": 0.00984169996172568,
  "n_params_oto": 10,
  "n_params_encoder": 1496
}