{
  "avg_auroc": 0.9841460886107534,
  "auroc_forgetting": 0.0030507830619784793,
  "auroc_bwt": -0.0030507830619784793,
  "forgetting_per_task": [
    0.001806119968045583,
    0.0042954461559113755
  ],
  "bwt_per_task": [
    -0.001806119968045583,
    -0.0042954461559113755
  ],
  "auroc_matrix": [
    [
      0.9877565906012296,
      null,
      null
    ],
    [
      0.9859852037094925,
      0.9799993288365382,
      null
    ],
    [
      0.985950470633184,
      0.9757038826806268,
      0.990783912518449
    ]
  ],
  "n_tasks": 3,
  "model": "kmeans",
  "exp_id": "exp_088",
  "scenario": "anomaly_detection"
}