{
  "mahalanobis": {
    "model": "mahalanobis",
    "acc_final": 0.7931284865203189,
    "avg_forgetting": 0.1692803437164339,
    "backward_transfer": -0.1692803437164339,
    "auroc_final": 0.7823955865575504,
    "ram_peak_bytes": 1756,
    "inference_latency_ms": 0.008160769830283243,
    "n_params": 182,
    "aa": 0.7931284865203189,
    "af": 0.1692803437164339,
    "bwt": -0.1692803437164339,
    "fwt": 0.0,
    "forgetting_per_task": [
      0.145578231292517,
      0.1929824561403508
    ],
    "bwt_per_task": [
      -0.145578231292517,
      -0.1929824561403508
    ],
    "acc_matrix": [
      [
        0.889795918367347,
        null,
        null
      ],
      [
        0.8040816326530612,
        0.9093567251461988,
        null
      ],
      [
        0.7442176870748299,
        0.716374269005848,
        0.9187935034802784
      ]
    ],
    "n_tasks": 3,
    "auroc_avg": 0.7823955865575504,
    "auroc_per_task": [
      0.831888620844748,
      0.6821046600458365,
      0.8331934787820666
    ],
    "memory": {
      "inference_latency_ms": 0.008160769830283243,
      "inference_latency_std_ms": 0.005159089518462354,
      "ram_peak_bytes": 1756,
      "n_params": 182,
      "ram_fp32_bytes": 728,
      "ram_int8_bytes": 182,
      "within_budget_64ko": true
    }
  }
}