{
  "avg_auroc": 0.9450985605085397,
  "auroc_forgetting": -2.8220624500696623e-05,
  "auroc_bwt": 2.8220624500696623e-05,
  "forgetting_per_task": [
    -5.6441249001393246e-05,
    0.0
  ],
  "bwt_per_task": [
    5.6441249001393246e-05,
    0.0
  ],
  "auroc_matrix": [
    [
      0.945937966725713,
      null,
      null
    ],
    [
      0.9459944079747143,
      0.9307359307359307,
      null
    ],
    [
      0.9459944079747143,
      0.9307359307359307,
      0.9585653428149737
    ]
  ],
  "n_tasks": 3,
  "model": "hdc",
  "exp_id": "exp_086",
  "scenario": "anomaly_detection"
}