{
  "exp_id": "exp_091_kmeans_cwru_by_severity_v2",
  "model": "kmeans",
  "dataset": "cwru",
  "scenario": "by_severity",
  "acc_final": 0.45021645021645024,
  "avg_forgetting": 0.0,
  "backward_transfer": 0.5064935064935066,
  "per_task_acc": [
    0.7142857142857143,
    0.4935064935064935,
    0.14285714285714285
  ],
  "ram_peak_bytes": 5340,
  "inference_latency_ms": 0.3625812800419226,
  "n_params": 18,
  "acc_matrix": [
    [
      0.07792207792207792,
      NaN,
      NaN
    ],
    [
      0.5974025974025974,
      0.11688311688311688,
      NaN
    ],
    [
      0.7142857142857143,
      0.4935064935064935,
      0.14285714285714285
    ]
  ],
  "k_selected_per_task": [
    2,
    2,
    2
  ],
  "thresholds_per_task": {
    "0": 2.8547310829162598,
    "1": 3.291874885559082,
    "2": 4.262382507324219
  }
}