{
  "model": "dbscan",
  "acc_final": 0.5120967741935484,
  "avg_forgetting": 0.0,
  "backward_transfer": 0.0,
  "auroc_final": 0.46481513026473376,
  "ram_peak_bytes": 61398,
  "inference_latency_ms": 0.4183498699990196,
  "n_params": 6225,
  "aa": 0.5120967741935484,
  "af": 0.0,
  "bwt": 0.0,
  "fwt": 0.0,
  "forgetting_per_task": [
    0.0,
    0.0,
    0.0
  ],
  "bwt_per_task": [
    0.0,
    0.0,
    0.0
  ],
  "acc_matrix": [
    [
      0.5967741935483871,
      null,
      null,
      null
    ],
    [
      0.5967741935483871,
      0.532258064516129,
      null,
      null
    ],
    [
      0.5967741935483871,
      0.532258064516129,
      0.41935483870967744,
      null
    ],
    [
      0.5967741935483871,
      0.532258064516129,
      0.41935483870967744,
      0.5
    ]
  ],
  "n_tasks": 4,
  "auroc_avg": 0.46481513026473376,
  "auroc_per_task": [
    0.44108108108108113,
    0.39602925809822365,
    0.4914529914529915,
    0.5306971904266389
  ],
  "memory": {
    "inference_latency_ms": 0.4183498699990196,
    "inference_latency_std_ms": 0.29426593539827395,
    "ram_peak_bytes": 61398,
    "n_params": 6225,
    "ram_fp32_bytes": 24900,
    "ram_int8_bytes": 6225,
    "within_budget_64ko": true
  }
}