{
  "avg_auroc": 0.9720061107646637,
  "auroc_forgetting": 0.0038892968005989625,
  "auroc_bwt": -0.0038892968005989625,
  "forgetting_per_task": [
    0.005748324129068116,
    0.0020302694721298087
  ],
  "bwt_per_task": [
    -0.005748324129068116,
    -0.0020302694721298087
  ],
  "auroc_matrix": [
    [
      0.9790820047931645,
      null,
      null
    ],
    [
      0.9693741099649196,
      0.9685559918118057,
      null
    ],
    [
      0.9733336806640964,
      0.9665257223396759,
      0.9761589292902187
    ]
  ],
  "n_tasks": 3,
  "model": "tinyol_ae",
  "exp_id": "exp_087",
  "scenario": "anomaly_detection"
}