{
  "exp_id": "exp_010_hdc_dataset1",
  "cl_metrics": {
    "aa": 0.5100401606425703,
    "af": 0.042168674698795205,
    "bwt": 0.00602409638554216,
    "fwt": 0.0,
    "forgetting_per_task": [
      0.08433734939759041,
      0.0
    ],
    "bwt_per_task": [
      0.01204819277108432,
      0.0
    ],
    "acc_matrix": [
      [
        0.46987951807228917,
        null,
        null
      ],
      [
        0.5662650602409639,
        0.4578313253012048,
        null
      ],
      [
        0.4819277108433735,
        0.4578313253012048,
        0.5903614457831325
      ]
    ],
    "n_tasks": 3,
    "ram_peak_bytes": 14504,
    "inference_latency_ms": 0.25565125998582516,
    "n_params": 2048,
    "estimated_ram_fp32_bytes": 14344,
    "estimated_ram_int8_bytes": 6152
  }
}