{
  "exp_id": "exp_037_hdc_pump_single_task",
  "accuracy": 0.5100401606425703,
  "f1": 0.5447761194029851,
  "auc_roc": 0.5093787021192576,
  "ram_peak_bytes": 14640,
  "inference_latency_ms": 0.2080843399380683,
  "n_params": 2048
}